-- ==========================================================
-- POBLACION PARA LA BASE DE DATOS BIBLIOTECA
-- ==========================================================


-- EMPLEADO (10 registros)
INSERT INTO empleado (id_empleado, dui, nombre, apellido, fecha_nacimiento, sexo)
OVERRIDING SYSTEM VALUE
VALUES
(1, '12345678-9', 'Carlos', 'Martinez', '1990-05-10', 'M'),
(2, '98765432-1', 'Ana', 'Lopez', '1995-09-20', 'F'),
(3, '33333333-3', 'Pedro', 'Ramirez', '1988-01-12', 'M'),
(4, '44444444-4', 'Lucia', 'Fernandez', '1992-11-25', 'F'),
(5, '55555555-5', 'Miguel', 'Castro', '1985-06-18', 'M'),
(6, '12121212-1', 'Raquel', 'Mendez', '1991-02-14', 'F'),
(7, '13131313-1', 'Javier', 'Santos', '1989-09-09', 'M'),
(8, '14141414-1', 'Daniela', 'Torres', '1996-12-01', 'F'),
(9, '15151515-1', 'Roberto', 'Vargas', '1983-04-22', 'M'),
(10, '16161616-1', 'Andrea', 'Molina', '1994-08-17', 'F');

-- SOCIO (100 registros)
INSERT INTO socio (id_socio, dui, nombre, apellido, fecha_nacimiento, sexo)
OVERRIDING SYSTEM VALUE
VALUES
(1, '11111111-1', 'Luis', 'Hernandez', '2000-02-15', 'M'),
(2, '22222222-2', 'Maria', 'Gonzalez', '1998-07-30', 'F'),
(3, '66666666-6', 'Jose', 'Mendoza', '2001-03-14', 'M'),
(4, '77777777-7', 'Elena', 'Ruiz', '1999-08-22', 'F'),
(5, '88888888-8', 'Ricardo', 'Flores', '1997-12-05', 'M'),
(6, '99999999-9', 'Sofia', 'Alvarado', '2002-04-09', 'F'),
(7, '10101010-1', 'Daniel', 'Perez', '2001-01-10', 'M'),
(8, '20202020-2', 'Patricia', 'Lopez', '1998-05-12', 'F'),
(9, '30303030-3', 'Kevin', 'Rojas', '2000-03-18', 'M'),
(10, '40404040-4', 'Carla', 'Martinez', '1999-07-22', 'F'),
(11, '50505050-5', 'Andres', 'Castillo', '2002-11-30', 'M'),
(12, '60606060-6', 'Gabriela', 'Morales', '2001-06-11', 'F'),
(13, '70707070-7', 'Fernando', 'Diaz', '1996-10-02', 'M'),
(14, '80808080-8', 'Valeria', 'Reyes', '2003-01-19', 'F'),
(15, '90909090-9', 'Oscar', 'Campos', '1995-03-25', 'M'),
(16, '11223344-5', 'Karla', 'Navarro', '1997-09-14', 'F'),
(17, '22334455-6', 'Emilio', 'Aguilar', '1994-12-08', 'M'),
(18, '33445566-7', 'Monica', 'Salazar', '2000-04-04', 'F'),
(19, '44556677-8', 'Hector', 'Pineda', '1993-05-21', 'M'),
(20, '55667788-9', 'Natalia', 'Cruz', '2002-07-07', 'F'),
(21, '10203040-5', 'Manuel', 'Orellana', '1995-04-12', 'M'),
(22, '50607080-9', 'Diana', 'Quintanilla', '1998-11-23', 'F'),
(23, '90102030-4', 'Francisco', 'Zelaya', '2001-06-05', 'M'),
(24, '40506070-8', 'Claudia', 'Cardoza', '1997-02-17', 'F'),
(25, '80901020-3', 'Jorge', 'Melendez', '1994-09-29', 'M'),
(26, '30405060-7', 'Ingrid', 'Palacios', '2000-05-14', 'F'),
(27, '70809010-2', 'Roberto', 'Henriquez', '1992-01-22', 'M'),
(28, '20304050-6', 'Silvia', 'Guevara', '1999-08-08', 'F'),
(29, '60708090-1', 'Gustavo', 'Benitez', '2003-03-11', 'M'),
(30, '15253545-5', 'Beatriz', 'Arias', '1996-10-19', 'F'),
(31, '55657585-9', 'Alejandro', 'Mejia', '2002-07-25', 'M'),
(32, '95152535-4', 'Veronica', 'Villalobos', '1995-12-04', 'F'),
(33, '45556575-8', 'Christian', 'Guillen', '1998-04-30', 'M'),
(34, '85951525-3', 'Lourdes', 'Escamilla', '2001-09-13', 'F'),
(35, '35455565-7', 'Ricardo', 'Lara', '1993-02-28', 'M'),
(36, '75859515-2', 'Sonia', 'Galdamez', '1997-11-07', 'F'),
(37, '25354555-6', 'Eduardo', 'Caceres', '2000-06-18', 'M'),
(38, '65758595-1', 'Karina', 'Maldonado', '1994-01-05', 'F'),
(39, '16263646-6', 'Rodrigo', 'Serrano', '1999-10-12', 'M'),
(40, '56667686-0', 'Tatiana', 'Andrade', '2002-03-24', 'F'),
(41, '96162636-5', 'Mauricio', 'Portillo', '1996-08-01', 'M'),
(42, '46566676-1', 'Marta', 'Ventura', '1991-05-19', 'F'),
(43, '86961626-6', 'Alfonso', 'Barahona', '1998-12-31', 'M'),
(44, '36465666-2', 'Sandra', 'Interiano', '2001-07-15', 'F'),
(45, '76869616-7', 'Nelson', 'Chavez', '1995-02-09', 'M'),
(46, '26364656-3', 'Wendy', 'Montano', '2000-11-20', 'F'),
(47, '66768696-8', 'Guillermo', 'Calderon', '1993-04-03', 'M'),
(48, '17273747-7', 'Adriana', 'Erazo', '1997-09-26', 'F'),
(49, '57677787-2', 'Jaime', 'Rosales', '2002-01-14', 'M'),
(50, '97172737-8', 'Gisselle', 'Guardado', '1996-06-22', 'F'),
(51, '47576777-3', 'Sergio', 'Cisneros', '1994-03-08', 'M'),
(52, '87971727-9', 'Margarita', 'Rivera', '1999-12-17', 'F'),
(53, '37475767-4', 'Arturo', 'Pena', '1992-07-05', 'M'),
(54, '77879717-0', 'Yolanda', 'Avelar', '1998-02-11', 'F'),
(55, '27374757-5', 'Cesar', 'Tejada', '2001-10-29', 'M'),
(56, '67778797-1', 'Evelyn', 'Soriano', '1995-05-04', 'F'),
(57, '18283848-8', 'Ramon', 'Guzman', '1993-11-16', 'M'),
(58, '58687888-3', 'Jessica', 'Zuniga', '2000-08-21', 'F'),
(59, '98182838-9', 'Enrique', 'Escobar', '1997-03-09', 'M'),
(60, '48586878-4', 'Roxana', 'Bermudez', '2002-12-02', 'F'),
(61, '88981828-0', 'Alberto', 'Bonilla', '1996-04-27', 'M'),
(62, '38485868-5', 'Cecilia', 'Argueta', '1991-09-11', 'F'),
(63, '78889818-1', 'Walter', 'Castaneda', '1999-01-30', 'M'),
(64, '28384858-6', 'Mayra', 'Linares', '2003-06-14', 'F'),
(65, '68788898-2', 'Hugo', 'Gomez', '1994-10-08', 'M'),
(66, '19293949-9', 'Vanessa', 'Ramos', '1998-05-25', 'F'),
(67, '59697989-4', 'Ruben', 'Beltran', '2001-02-03', 'M'),
(68, '99192939-0', 'Liliana', 'Menjivar', '1995-07-19', 'F'),
(69, '49596979-5', 'Edgardo', 'Aguirre', '1992-12-12', 'M'),
(70, '79899192-1', 'Brenda', 'Coreas', '1997-03-28', 'F'),
(71, '29394959-6', 'Ivan', 'Granados', '2000-08-01', 'M'),
(72, '69798991-2', 'Mirna', 'Sosa', '1994-01-16', 'F'),
(73, '10305070-0', 'Felipe', 'Carranza', '1999-11-09', 'M'),
(74, '50709010-4', 'Lorena', 'Ochoa', '2002-06-21', 'F'),
(75, '90103050-9', 'Rene', 'Chicas', '1996-09-04', 'M'),
(76, '30507090-3', 'Glenda', 'Umanzor', '1991-04-18', 'F'),
(77, '70901030-8', 'Douglas', 'Vigil', '1998-02-27', 'M'),
(78, '20406080-2', 'Camila', 'Giron', '2001-07-11', 'F'),
(79, '60802040-7', 'Erick', 'Jovel', '1995-12-30', 'M'),
(80, '10407020-1', 'Diana', 'Maldonado', '2000-05-05', 'F'),
(81, '50209040-6', 'Armando', 'Romero', '1993-10-24', 'M'),
(82, '90604010-1', 'Valeria', 'Siliezer', '2002-03-15', 'F'),
(83, '30107040-6', 'Saul', 'Canales', '1996-08-29', 'M'),
(84, '70402090-0', 'Laura', 'Guzman', '1991-01-03', 'F'),
(85, '20905010-5', 'Mario', 'Juarez', '1998-06-12', 'M'),
(86, '60201070-0', 'Alicia', 'Pineda', '2001-11-21', 'F'),
(87, '10704020-6', 'Julio', 'Solorzano', '1994-04-07', 'M'),
(88, '50401090-1', 'Monica', 'Rivas', '1999-09-18', 'F'),
(89, '90207040-6', 'Edwin', 'Valencia', '1992-02-25', 'M'),
(90, '30704010-0', 'Paola', 'Guevara', '1997-07-09', 'F'),
(91, '70109020-5', 'Yanci', 'Valencia', '2000-12-14', 'F'),
(92, '20604070-0', 'Franklin', 'Palacios', '1995-05-01', 'M'),
(93, '60107040-6', 'Karla', 'Rivera', '1998-10-10', 'F'),
(94, '10902070-1', 'Geovanni', 'Menjivar', '1993-03-22', 'M'),
(95, '50704010-6', 'Sonia', 'Guevara', '2002-08-31', 'F'),
(96, '90301070-0', 'Wilfredo', 'Rivas', '1996-01-15', 'M'),
(97, '30907040-5', 'Isabel', 'Romero', '1990-06-27', 'F'),
(98, '70201090-0', 'Oscar', 'Siliezer', '1997-11-04', 'M'),
(99, '20704020-5', 'Karen', 'Valencia', '2001-04-19', 'F'),
(100, '60401090-0', 'David', 'Romero', '1994-09-02', 'M');

-- EDITORIAL (10 registros)
INSERT INTO editorial (id_editorial, nombre, correo, telefono, direccion)
OVERRIDING SYSTEM VALUE
VALUES
(1, 'Planeta', 'contacto@planeta.com', '2222-1111', 'San Salvador'),
(2, 'Santillana', 'info@santillana.com', '2233-4455', 'Santa Ana'),
(3, 'Alfaguara', 'contacto@alfaguara.com', '2244-5566', 'San Miguel'),
(4, 'Oceano', 'info@oceano.com', '2255-6677', 'La Libertad'),
(5, 'Pearson', 'ventas@pearson.com', '2266-7788', 'Sonsonate'),
(6, 'Anaya', 'contacto@anaya.com', '2277-8899', 'San Salvador'),
(7, 'Norma', 'info@norma.com', '2288-9900', 'Santa Tecla'),
(8, 'McGraw Hill', 'servicio@mcgraw.com', '2299-0011', 'Antiguo Cuscatlan'),
(9, 'Siglo XXI', 'editorial@sigloxxi.com', '2300-1122', 'San Salvador'),
(10, 'Fondo de Cultura', 'contacto@fondocultura.com', '2311-2233', 'San Miguel');

-- GENERO (10 registros)
INSERT INTO genero (id_genero, nombre)
OVERRIDING SYSTEM VALUE
VALUES
(1, 'Fantasia'),
(2, 'Aventura'),
(3, 'Drama'),
(4, 'Ciencia Ficcion'),
(5, 'Romance'),
(6, 'Suspenso'),
(7, 'Historia'),
(8, 'Terror'),
(9, 'Educativo'),
(10, 'Poesia');

-- AUTOR (15 registros)
INSERT INTO autor (id_autor, nombre, apellido, fecha_nacimiento, sexo)
OVERRIDING SYSTEM VALUE
VALUES
(1, 'Gabriel', 'Garcia Marquez', '1927-03-06', 'M'),
(2, 'J.K.', 'Rowling', '1965-07-31', 'F'),
(3, 'George', 'Orwell', '1903-06-25', 'M'),
(4, 'Jane', 'Austen', '1775-12-16', 'F'),
(5, 'Stephen', 'King', '1947-09-21', 'M'),
(6, 'Julio', 'Cortazar', '1914-08-26', 'M'),
(7, 'Isabel', 'Allende', '1942-08-02', 'F'),
(8, 'Mario', 'Vargas Llosa', '1936-03-28', 'M'),
(9, 'Paulo', 'Coelho', '1947-08-24', 'M'),
(10, 'Jorge', 'Borges', '1899-08-24', 'M'),
(11, 'Miguel', 'Cervantes', '1547-09-29', 'M'),
(12, 'Ernest', 'Hemingway', '1899-07-21', 'M'),
(13, 'Agatha', 'Christie', '1890-09-15', 'F'),
(14, 'Mary', 'Shelley', '1797-08-30', 'F'),
(15, 'Edgar', 'Poe', '1809-01-19', 'M');

-- LIBRO (100 registros)
INSERT INTO libro (id_libro, nombre, fecha_publicacion)
OVERRIDING SYSTEM VALUE
VALUES
(1, 'Cien anios de soledad', '1967-05-30'),
(2, 'Harry Potter y la piedra filosofal', '1997-06-26'),
(3, '1984', '1949-06-08'),
(4, 'Orgullo y prejuicio', '1813-01-28'),
(5, 'It', '1986-09-15'),
(6, 'Rayuela', '1963-06-28'),
(7, 'La casa de los espiritus', '1982-01-01'),
(8, 'Antologia latinoamericana', '2005-03-15'),
(9, 'La ciudad y los perros', '1963-01-01'),
(10, 'El alquimista', '1988-01-01'),
(11, 'Ficciones', '1944-01-01'),
(12, 'Don Quijote de la Mancha', '1605-01-16'),
(13, 'El viejo y el mar', '1952-01-01'),
(14, 'Asesinato en el Orient Express', '1934-01-01'),
(15, 'Frankenstein', '1818-01-01'),
(16, 'El cuervo', '1845-01-29'),
(17, 'Rebelion en la granja', '1945-08-17'),
(18, 'Harry Potter y la camara secreta', '1998-07-02'),
(19, 'Carrie', '1974-04-05'),
(20, 'El amor en los tiempos del colera', '1985-01-01'),
(21, 'La tregua', '1960-01-01'),
(22, 'Manual de bases de datos', '2015-08-12'),
(23, 'Introduccion a la programacion', '2018-02-20'),
(24, 'Historia universal', '2010-09-10'),
(25, 'Poesia reunida', '2001-11-11'),
(26, 'El resplandor', '1977-01-28'),
(27, 'La metamorfosis', '1915-10-15'),
(28, 'Crimen y castigo', '1866-01-01'),
(29, 'El tunel', '1948-01-01'),
(30, 'Sobre heroes y tumbas', '1961-01-01'),
(31, 'Cuentos de amor de locura y de muerte', '1917-01-01'),
(32, 'Azul', '1888-07-30'),
(33, 'Campos de Castilla', '1912-01-01'),
(34, 'Romancero gitano', '1928-01-01'),
(35, 'Veinte poemas de amor y una cancion desesperada', '1924-01-01'),
(36, 'La iliada', '1950-01-01'),
(37, 'La odisea', '1953-01-01'),
(38, 'Eneida', '1960-01-01'),
(39, 'La divina comedia', '1320-01-01'),
(40, 'Fausto', '1808-01-01'),
(41, 'Les miserables', '1862-01-01'),
(42, 'Nuestra Senora de Paris', '1831-01-01'),
(43, 'El conde de Montecristo', '1844-01-01'),
(44, 'Los tres mosqueteros', '1844-01-01'),
(45, 'Madame Bovary', '1857-01-01'),
(46, 'Las flores del mal', '1857-01-01'),
(47, 'El principito', '1943-04-06'),
(48, 'La peste', '1947-01-01'),
(49, 'El extranjero', '1942-01-01'),
(50, 'La nausea', '1938-01-01'),
(51, 'Asi hablo Zaratustra', '1883-01-01'),
(52, 'El capital', '1867-01-01'),
(53, 'Manifiesto comunista', '1848-02-21'),
(54, 'La riqueza de las naciones', '1776-03-09'),
(55, 'El contrato social', '1762-01-01'),
(56, 'Leviatan', '1651-01-01'),
(57, 'El principe', '1532-01-01'),
(58, 'El arte de la guerra', '1980-01-01'),
(59, 'Utopia', '1516-01-01'),
(60, 'Elogio de la locura', '1511-01-01'),
(61, 'La republica', '1960-01-01'),
(62, 'Metafisica', '1950-01-01'),
(63, 'Etica a Nicomaco', '1955-01-01'),
(64, 'Poetica', '1962-01-01'),
(65, 'Suma teologica', '1485-01-01'),
(66, 'Confesiones', '1470-01-01'),
(67, 'Ciudad de Dios', '1475-01-01'),
(68, 'El origen de las especies', '1859-11-24'),
(69, 'Principios matematicos de la filosofia natural', '1687-07-05'),
(70, 'Un ensayo sobre el entendimiento humano', '1689-01-01'),
(71, 'Critica de la razon pura', '1781-01-01'),
(72, 'Fenomenologia del espiritu', '1807-01-01'),
(73, 'El mundo como voluntad y representacion', '1818-01-01'),
(74, 'El ser y el tiempo', '1927-01-01'),
(75, 'El ser y la nada', '1943-01-01'),
(76, 'La condicion humana', '1958-01-01'),
(77, 'Vigilar y castigar', '1975-01-01'),
(78, 'Las palabras y las cosas', '1966-01-01'),
(79, 'Cien anos de filosofia', '1990-01-01'),
(80, 'La estructura de las revoluciones cientificas', '1962-01-01'),
(81, 'Logica de la investigacion cientifica', '1934-01-01'),
(82, 'Tractatus logico-philosophicus', '1921-01-01'),
(83, 'Investigaciones filosoficas', '1953-01-01'),
(84, 'Dialectica de la ilustracion', '1944-01-01'),
(85, 'Teoria de la accion comunicativa', '1981-01-01'),
(86, 'El miedo a la libertad', '1941-01-01'),
(87, 'El arte de amar', '1956-01-01'),
(88, 'Introduccion al psicoanalisis', '1917-01-01'),
(89, 'La interpretacion de los suenos', '1899-11-04'),
(90, 'El malestar en la cultura', '1930-01-01'),
(91, 'Arquetipos e inconsciente colectivo', '1959-01-01'),
(92, 'El hombre y sus simbolos', '1964-01-01'),
(93, 'La rama dorada', '1890-01-01'),
(94, 'Las estructuras elementales del parentesco', '1949-01-01'),
(95, 'Tristes tropicos', '1955-01-01'),
(96, 'Economia y sociedad', '1922-01-01'),
(97, 'La etica protestante y el espiritu del capitalismo', '1905-01-01'),
(98, 'Las reglas del metodo sociologico', '1895-01-01'),
(99, 'El suicidio', '1897-01-01'),
(100, 'Sistemas operativos modernos', '2019-03-10');

-- LIBRO_AUTOR (100 registros)
INSERT INTO libro_autor (id_libro, id_autor)
VALUES
(1, 1),
(2, 2),
(3, 3),
(4, 4),
(5, 5),
(6, 6),
(7, 7),
(8, 1),
(8, 6),
(8, 7),
(9, 8),
(10, 9),
(11, 10),
(12, 11),
(13, 12),
(14, 13),
(15, 14),
(16, 15),
(17, 3),
(18, 2),
(19, 5),
(20, 1),
(21, 6),
(22, 8),
(22, 10),
(23, 3),
(23, 8),
(24, 10),
(25, 15),
(25, 6),
(26, 5), (27, 6), (28, 8), (29, 6), (30, 6),
(31, 6), (32, 9), (33, 10), (34, 10), (35, 10),
(36, 11), (37, 11), (38, 11), (39, 11), (40, 12),
(41, 12), (42, 12), (43, 12), (44, 12), (45, 12),
(46, 12), (47, 12), (48, 12), (49, 12), (50, 12),
(51, 12), (52, 12), (53, 12), (54, 12), (55, 12),
(56, 12), (57, 12), (58, 12), (59, 12), (60, 12),
(61, 12), (62, 12), (63, 12), (64, 12), (65, 12),
(66, 12), (67, 12), (68, 12), (69, 12), (70, 12),
(71, 12), (72, 12), (73, 12), (74, 12), (75, 12),
(76, 12), (77, 12), (78, 12), (79, 12), (80, 12),
(81, 12), (82, 12), (83, 12), (84, 12), (85, 12),
(86, 12), (87, 12), (88, 12), (89, 12), (90, 12),
(91, 12), (92, 12), (93, 12), (94, 12), (95, 12),
(96, 12), (97, 12), (98, 12), (99, 12), (100, 3);

-- LIBRO_GENERO (100 registros)
INSERT INTO libro_genero (id_genero, id_libro)
VALUES
(3, 1),
(1, 2),
(2, 2),
(4, 3),
(5, 4),
(6, 5),
(8, 5),
(3, 6),
(3, 7),
(2, 8),
(3, 8),
(3, 9),
(2, 9),
(5, 10),
(2, 10),
(4, 11),
(3, 11),
(2, 12),
(7, 12),
(3, 13),
(6, 14),
(8, 15),
(8, 16),
(10, 16),
(4, 17),
(1, 18),
(2, 18),
(8, 19),
(3, 20),
(5, 20),
(3, 21),
(9, 22),
(9, 23),
(7, 24),
(10, 25),
(8, 26), (3, 27), (3, 28), (3, 29), (3, 30),
(3, 31), (10, 32), (10, 33), (10, 34), (10, 35),
(7, 36), (7, 37), (7, 38), (10, 39), (3, 40),
(3, 41), (3, 42), (2, 43), (2, 44), (3, 45),
(10, 46), (9, 47), (3, 48), (3, 49), (3, 50),
(7, 51), (7, 52), (7, 53), (7, 54), (7, 55),
(7, 56), (7, 57), (7, 58), (7, 59), (7, 60),
(7, 61), (7, 62), (7, 63), (7, 64), (7, 65),
(7, 66), (7, 67), (7, 68), (7, 69), (7, 70),
(7, 71), (7, 72), (7, 73), (7, 74), (7, 75),
(7, 76), (7, 77), (7, 78), (7, 79), (7, 80),
(7, 81), (7, 82), (7, 83), (7, 84), (7, 85),
(7, 86), (7, 87), (7, 88), (7, 89), (7, 90),
(7, 91), (7, 92), (7, 93), (7, 94), (7, 95),
(7, 96), (7, 97), (7, 98), (7, 99), (9, 100);

-- LIBRO_EDITORIAL (27 registros)
INSERT INTO libro_editorial (id_libro, id_editorial)
VALUES
(1, 1),
(2, 2),
(3, 5),
(4, 3),
(5, 4),
(6, 1),
(7, 3),
(8, 1),
(8, 3),
(9, 3),
(10, 1),
(11, 9),
(12, 10),
(13, 4),
(14, 6),
(15, 7),
(16, 9),
(17, 5),
(18, 2),
(19, 4),
(20, 1),
(21, 3),
(22, 8),
(23, 8),
(24, 10),
(25, 9),
(25, 10);

-- EJEMPLAR (110 registros)
INSERT INTO ejemplar (id_ejemplar, estado, id_libro)
OVERRIDING SYSTEM VALUE
VALUES
(1, 'LIBRE', 1),
(2, 'PRESTADO', 1),
(3, 'LIBRE', 2),
(4, 'PRESTADO', 2),
(5, 'RESERVADO', 2),
(6, 'LIBRE', 3),
(7, 'PRESTADO', 4),
(8, 'LIBRE', 5),
(9, 'FUERA_SERVICIO', 5),
(10, 'LIBRE', 6),
(11, 'PRESTADO', 7),
(12, 'LIBRE', 8),
(13, 'LIBRE', 9),
(14, 'LIBRE', 9),
(15, 'PRESTADO', 10),
(16, 'LIBRE', 10),
(17, 'LIBRE', 11),
(18, 'PRESTADO', 11),
(19, 'LIBRE', 12),
(20, 'LIBRE', 12),
(21, 'LIBRE', 13),
(22, 'PRESTADO', 13),
(23, 'LIBRE', 14),
(24, 'PRESTADO', 15),
(25, 'LIBRE', 16),
(26, 'LIBRE', 17),
(27, 'LIBRE', 18),
(28, 'PRESTADO', 19),
(29, 'LIBRE', 20),
(30, 'RESERVADO', 21),
(31, 'LIBRE', 22),
(32, 'LIBRE', 23),
(33, 'FUERA_SERVICIO', 24),
(34, 'LIBRE', 25),
(35, 'LIBRE', 25),
(36, 'LIBRE', 26), (37, 'LIBRE', 27), (38, 'LIBRE', 28), (39, 'LIBRE', 29), (40, 'LIBRE', 30),
(41, 'LIBRE', 31), (42, 'LIBRE', 32), (43, 'LIBRE', 33), (44, 'LIBRE', 34), (45, 'LIBRE', 35),
(46, 'LIBRE', 36), (47, 'LIBRE', 37), (48, 'LIBRE', 38), (49, 'LIBRE', 39), (50, 'LIBRE', 40),
(51, 'LIBRE', 41), (52, 'LIBRE', 42), (53, 'LIBRE', 43), (54, 'LIBRE', 44), (55, 'LIBRE', 45),
(56, 'LIBRE', 46), (57, 'LIBRE', 47), (58, 'LIBRE', 48), (59, 'LIBRE', 49), (60, 'LIBRE', 50),
(61, 'LIBRE', 51), (62, 'LIBRE', 52), (63, 'LIBRE', 53), (64, 'LIBRE', 54), (65, 'LIBRE', 55),
(66, 'LIBRE', 56), (67, 'LIBRE', 57), (68, 'LIBRE', 58), (69, 'LIBRE', 59), (70, 'LIBRE', 60),
(71, 'LIBRE', 61), (72, 'LIBRE', 62), (73, 'LIBRE', 63), (74, 'LIBRE', 64), (75, 'LIBRE', 65),
(76, 'LIBRE', 66), (77, 'LIBRE', 67), (78, 'LIBRE', 68), (79, 'LIBRE', 69), (80, 'LIBRE', 70),
(81, 'LIBRE', 71), (82, 'LIBRE', 72), (83, 'LIBRE', 73), (84, 'LIBRE', 74), (85, 'LIBRE', 75),
(86, 'LIBRE', 76), (87, 'LIBRE', 77), (88, 'LIBRE', 78), (89, 'LIBRE', 79), (90, 'LIBRE', 80),
(91, 'LIBRE', 81), (92, 'LIBRE', 82), (93, 'LIBRE', 83), (94, 'LIBRE', 84), (95, 'LIBRE', 85),
(96, 'LIBRE', 86), (97, 'LIBRE', 87), (98, 'LIBRE', 88), (99, 'LIBRE', 89), (100, 'LIBRE', 90),
(101, 'LIBRE', 91), (102, 'LIBRE', 92), (103, 'LIBRE', 93), (104, 'LIBRE', 94), (105, 'LIBRE', 95),
(106, 'LIBRE', 96), (107, 'LIBRE', 97), (108, 'LIBRE', 98), (109, 'LIBRE', 99), (110, 'LIBRE', 100);

-- PRESTAMO (105 registros)
INSERT INTO prestamo (id_prestamo, fecha_prestamo, fecha_limite, fecha_devolucion, estado, id_empleado, id_socio)
OVERRIDING SYSTEM VALUE
VALUES
(1, '2026-05-01 10:00:00', '2026-05-08', NULL, 'ACTIVO', 1, 1),
(2, '2026-04-10 09:30:00', '2026-04-17', '2026-04-16 15:00:00', 'DEVUELTO', 2, 2),
(3, '2026-04-01 08:00:00', '2026-04-08', '2026-04-12 11:20:00', 'ATRASADO', 3, 3),
(4, '2026-05-15 09:30:00', '2026-05-22', NULL, 'ACTIVO', 4, 4),
(5, '2026-03-05 14:00:00', '2026-03-12', '2026-03-15 10:10:00', 'ATRASADO', 5, 5),
(6, '2026-06-01 13:45:00', '2026-06-08', '2026-06-07 16:40:00', 'DEVUELTO', 1, 6),
(7, '2026-06-10 10:00:00', '2026-06-17', NULL, 'ACTIVO', 2, 1),
(8, '2026-06-11 11:00:00', '2026-06-18', NULL, 'ACTIVO', 3, 1),
(9, '2026-06-12 09:15:00', '2026-06-19', NULL, 'ACTIVO', 6, 7),
(10, '2026-05-20 12:00:00', '2026-05-27', '2026-05-26 09:00:00', 'DEVUELTO', 7, 8),
(11, '2026-05-21 12:30:00', '2026-05-28', '2026-06-01 10:00:00', 'ATRASADO', 8, 9),
(12, '2026-06-02 14:30:00', '2026-06-09', NULL, 'ACTIVO', 9, 10),
(13, '2026-06-03 15:20:00', '2026-06-10', '2026-06-09 08:30:00', 'DEVUELTO', 10, 11),
(14, '2026-06-04 10:10:00', '2026-06-11', '2026-06-15 09:10:00', 'ATRASADO', 1, 12),
(15, '2026-06-05 09:00:00', '2026-06-12', NULL, 'ACTIVO', 2, 13),
(16, '2026-06-06 09:00:00', '2026-06-13', NULL, 'ACTIVO', 3, 14),
(17, '2026-04-12 11:00:00', '2026-04-19', '2026-04-18 17:30:00', 'DEVUELTO', 4, 15),
(18, '2026-04-15 11:00:00', '2026-04-22', '2026-04-25 11:10:00', 'ATRASADO', 5, 16),
(19, '2026-04-20 13:00:00', '2026-04-27', NULL, 'ACTIVO', 6, 17),
(20, '2026-05-01 13:30:00', '2026-05-08', '2026-05-07 15:00:00', 'DEVUELTO', 7, 18),
(21, '2026-05-04 10:00:00', '2026-05-11', '2026-05-15 10:00:00', 'ATRASADO', 8, 19),
(22, '2026-05-08 08:00:00', '2026-05-15', NULL, 'ACTIVO', 9, 20),
(23, '2026-06-13 16:00:00', '2026-06-20', '2026-06-19 12:00:00', 'DEVUELTO', 10, 2),
(24, '2026-06-14 16:10:00', '2026-06-21', NULL, 'ACTIVO', 1, 3),
(25, '2026-06-15 17:00:00', '2026-06-22', '2026-06-25 10:30:00', 'ATRASADO', 2, 4),
(26, '2026-03-10 10:00:00', '2026-03-17', '2026-03-16 14:20:00', 'DEVUELTO', 3, 21),
(27, '2026-03-12 11:30:00', '2026-03-19', '2026-03-22 09:15:00', 'ATRASADO', 4, 22),
(28, '2026-03-15 14:15:00', '2026-03-22', '2026-03-20 16:00:00', 'DEVUELTO', 5, 23),
(29, '2026-03-18 09:00:00', '2026-03-25', '2026-03-29 11:00:00', 'ATRASADO', 6, 24),
(30, '2026-03-20 10:45:00', '2026-03-27', '2026-03-26 12:30:00', 'DEVUELTO', 7, 25),
(31, '2026-03-22 16:00:00', '2026-03-29', NULL, 'ACTIVO', 8, 26),
(32, '2026-03-25 11:15:00', '2026-04-01', '2026-03-31 15:45:00', 'DEVUELTO', 9, 27),
(33, '2026-03-28 13:00:00', '2026-04-04', '2026-04-08 10:00:00', 'ATRASADO', 10, 28),
(34, '2026-04-02 09:30:00', '2026-04-09', '2026-04-08 14:00:00', 'DEVUELTO', 1, 29),
(35, '2026-04-05 10:15:00', '2026-04-12', '2026-04-15 11:20:00', 'ATRASADO', 2, 30),
(36, '2026-04-07 15:30:00', '2026-04-14', '2026-04-13 16:10:00', 'DEVUELTO', 3, 31),
(37, '2026-04-10 11:00:00', '2026-04-17', '2026-04-22 09:00:00', 'ATRASADO', 4, 32),
(38, '2026-04-12 14:00:00', '2026-04-19', '2026-04-18 12:00:00', 'DEVUELTO', 5, 33),
(39, '2026-04-15 08:45:00', '2026-04-22', NULL, 'ACTIVO', 6, 34),
(40, '2026-04-18 10:20:00', '2026-04-25', '2026-04-24 15:30:00', 'DEVUELTO', 7, 35),
(41, '2026-04-20 16:15:00', '2026-04-27', '2026-05-02 11:00:00', 'ATRASADO', 8, 36),
(42, '2026-04-22 13:10:00', '2026-04-29', '2026-04-28 14:20:00', 'DEVUELTO', 9, 37),
(43, '2026-04-25 09:00:00', '2026-05-02', '2026-05-06 10:15:00', 'ATRASADO', 10, 38),
(44, '2026-04-28 11:40:00', '2026-05-05', '2026-05-04 16:00:00', 'DEVUELTO', 1, 39),
(45, '2026-05-02 14:25:00', '2026-05-09', NULL, 'ACTIVO', 2, 40),
(46, '2026-05-04 10:00:00', '2026-05-11', '2026-05-10 11:30:00', 'DEVUELTO', 3, 41),
(47, '2026-05-06 15:10:00', '2026-05-13', '2026-05-18 09:40:00', 'ATRASADO', 4, 42),
(48, '2026-05-08 11:15:00', '2026-05-15', '2026-05-14 13:00:00', 'DEVUELTO', 5, 43),
(49, '2026-05-10 09:00:00', '2026-05-17', '2026-05-22 14:00:00', 'ATRASADO', 6, 44),
(50, '2026-05-12 16:30:00', '2026-05-19', '2026-05-18 15:45:00', 'DEVUELTO', 7, 45),
(51, '2026-05-15 13:20:00', '2026-05-22', NULL, 'ACTIVO', 8, 46),
(52, '2026-05-17 10:45:00', '2026-05-24', '2026-05-23 11:00:00', 'DEVUELTO', 9, 47),
(53, '2026-05-19 14:00:00', '2026-05-26', '2026-05-31 10:20:00', 'ATRASADO', 10, 48),
(54, '2026-05-22 08:30:00', '2026-05-29', '2026-05-28 16:15:00', 'DEVUELTO', 1, 49),
(55, '2026-05-24 11:10:00', '2026-05-31', '2026-06-04 11:00:00', 'ATRASADO', 2, 50),
(56, '2026-05-26 15:40:00', '2026-06-02', '2026-06-01 14:30:00', 'DEVUELTO', 3, 51),
(57, '2026-05-28 09:15:00', '2026-06-04', NULL, 'ACTIVO', 4, 52),
(58, '2026-05-30 13:00:00', '2026-06-06', '2026-06-05 12:00:00', 'DEVUELTO', 5, 53),
(59, '2026-06-01 10:20:00', '2026-06-08', '2026-06-12 09:30:00', 'ATRASADO', 6, 54),
(60, '2026-06-02 14:15:00', '2026-06-09', '2026-06-08 16:45:00', 'DEVUELTO', 7, 55),
(61, '2026-06-03 11:00:00', '2026-06-10', '2026-06-15 14:00:00', 'ATRASADO', 8, 56),
(62, '2026-06-04 16:30:00', '2026-06-11', '2026-06-10 11:15:00', 'DEVUELTO', 9, 57),
(63, '2026-06-05 09:45:00', '2026-06-12', NULL, 'ACTIVO', 10, 58),
(64, '2026-06-06 13:10:00', '2026-06-13', '2026-06-12 15:20:00', 'DEVUELTO', 1, 59),
(65, '2026-06-07 10:00:00', '2026-06-14', '2026-06-18 11:00:00', 'ATRASADO', 2, 60),
(66, '2026-06-08 15:20:00', '2026-06-15', '2026-06-14 16:00:00', 'DEVUELTO', 3, 61),
(67, '2026-06-09 11:30:00', '2026-06-16', NULL, 'ACTIVO', 4, 62),
(68, '2026-06-10 14:00:00', '2026-06-17', '2026-06-16 13:00:00', 'DEVUELTO', 5, 63),
(69, '2026-06-11 09:15:00', '2026-06-18', '2026-06-19 14:30:00', 'ATRASADO', 6, 64),
(70, '2026-06-11 16:00:00', '2026-06-18', NULL, 'ACTIVO', 7, 65),
(71, '2026-06-12 10:45:00', '2026-06-19', NULL, 'ACTIVO', 8, 66),
(72, '2026-06-12 13:00:00', '2026-06-19', NULL, 'ACTIVO', 9, 67),
(73, '2026-06-13 08:30:00', '2026-06-20', NULL, 'ACTIVO', 10, 68),
(74, '2026-06-13 14:15:00', '2026-06-20', NULL, 'ACTIVO', 1, 69),
(75, '2026-06-14 11:00:00', '2026-06-21', NULL, 'ACTIVO', 2, 70),
(76, '2026-06-14 15:40:00', '2026-06-21', NULL, 'ACTIVO', 3, 71),
(77, '2026-06-15 09:20:00', '2026-06-22', NULL, 'ACTIVO', 4, 72),
(78, '2026-06-15 16:10:00', '2026-06-22', NULL, 'ACTIVO', 5, 73),
(79, '2026-06-16 10:00:00', '2026-06-23', NULL, 'ACTIVO', 6, 74),
(80, '2026-06-16 14:30:00', '2026-06-23', NULL, 'ACTIVO', 7, 75),
(81, '2026-06-17 08:45:00', '2026-06-24', NULL, 'ACTIVO', 8, 76),
(82, '2026-06-17 11:15:00', '2026-06-24', NULL, 'ACTIVO', 9, 77),
(83, '2026-06-17 15:00:00', '2026-06-24', NULL, 'ACTIVO', 10, 78),
(84, '2026-06-18 09:30:00', '2026-06-25', NULL, 'ACTIVO', 1, 79),
(85, '2026-06-18 13:20:00', '2026-06-25', NULL, 'ACTIVO', 2, 80),
(86, '2026-06-18 16:40:00', '2026-06-25', NULL, 'ACTIVO', 3, 81),
(87, '2026-06-19 08:00:00', '2026-06-26', NULL, 'ACTIVO', 4, 82),
(88, '2026-06-19 10:15:00', '2026-06-26', NULL, 'ACTIVO', 5, 83),
(89, '2026-06-19 12:30:00', '2026-06-26', NULL, 'ACTIVO', 6, 84),
(90, '2026-06-19 15:00:00', '2026-06-26', NULL, 'ACTIVO', 7, 85),
(91, '2026-06-19 16:30:00', '2026-06-26', NULL, 'ACTIVO', 8, 86),
(92, '2026-05-10 10:00:00', '2026-05-17', '2026-05-16 11:00:00', 'DEVUELTO', 1, 87),
(93, '2026-05-12 14:00:00', '2026-05-19', '2026-05-23 15:00:00', 'ATRASADO', 2, 88),
(94, '2026-05-15 11:30:00', '2026-05-22', '2026-05-21 09:00:00', 'DEVUELTO', 3, 89),
(95, '2026-05-18 16:20:00', '2026-05-25', '2026-05-29 10:30:00', 'ATRASADO', 4, 90),
(96, '2026-05-20 09:15:00', '2026-05-27', '2026-05-26 14:00:00', 'DEVUELTO', 5, 91),
(97, '2026-05-22 13:00:00', '2026-05-29', '2026-06-02 11:15:00', 'ATRASADO', 6, 92),
(98, '2026-05-25 10:45:00', '2026-06-01', '2026-05-31 16:20:00', 'DEVUELTO', 7, 93),
(99, '2026-05-28 15:00:00', '2026-06-04', '2026-06-07 09:00:00', 'ATRASADO', 8, 94),
(100, '2026-06-01 11:10:00', '2026-06-08', '2026-06-07 12:00:00', 'DEVUELTO', 9, 95),
(101, '2026-06-03 14:20:00', '2026-06-10', '2026-06-14 10:00:00', 'ATRASADO', 10, 96),
(102, '2026-06-05 09:30:00', '2026-06-12', '2026-06-11 15:30:00', 'DEVUELTO', 1, 97),
(103, '2026-06-08 16:00:00', '2026-06-15', '2026-06-19 11:00:00', 'ATRASADO', 2, 98),
(104, '2026-06-10 10:45:00', '2026-06-17', '2026-06-16 14:20:00', 'DEVUELTO', 3, 99),
(105, '2026-06-12 13:15:00', '2026-06-19', '2026-06-19 16:30:00', 'DEVUELTO', 4, 100);

-- PRESTAMO_EJEMPLAR (105 registros)
INSERT INTO prestamo_ejemplar (id_prestamo, id_ejemplar)
VALUES
(1, 2),
(2, 3),
(3, 4),
(4, 7),
(5, 11),
(6, 10),
(7, 5),
(8, 12),
(9, 15),
(10, 16),
(11, 18),
(12, 22),
(13, 21),
(14, 24),
(15, 26),
(16, 27),
(17, 23),
(18, 25),
(19, 28),
(20, 29),
(21, 30),
(22, 31),
(23, 32),
(24, 6),
(25, 8),
(26, 36), (27, 37), (28, 38), (29, 39), (30, 40),
(31, 41), (32, 42), (33, 43), (34, 44), (35, 45),
(36, 46), (37, 47), (38, 48), (39, 49), (40, 50),
(41, 51), (42, 52), (43, 53), (44, 54), (45, 55),
(46, 56), (47, 57), (48, 58), (49, 59), (50, 60),
(51, 61), (52, 62), (53, 63), (54, 64), (55, 65),
(56, 66), (57, 67), (58, 68), (59, 69), (60, 70),
(61, 71), (62, 72), (63, 73), (64, 74), (65, 75),
(66, 76), (67, 77), (68, 78), (69, 79), (70, 80),
(71, 81), (72, 82), (73, 83), (74, 84), (75, 85),
(76, 86), (77, 87), (78, 88), (79, 89), (80, 90),
(81, 91), (82, 92), (83, 93), (84, 94), (85, 95),
(86, 96), (87, 97), (88, 98), (89, 99), (90, 100),
(91, 110), (92, 36), (93, 37), (94, 38), (95, 39),
(96, 40), (97, 41), (98, 42), (99, 43), (100, 44),
(101, 45), (102, 46), (103, 47), (104, 48), (105, 49);

-- MULTA (32 registros)
INSERT INTO multa (id_multa, fecha_multa, estado, monto, id_prestamo)
OVERRIDING SYSTEM VALUE
VALUES
(1, '2026-04-12', 'PENDIENTE', 10.0, 3),
(2, '2026-03-15', 'PAGADO', 7.5, 5),
(3, '2026-03-16', 'PENDIENTE', 5.0, 5),
(4, '2026-06-01', 'PENDIENTE', 10.0, 11),
(5, '2026-06-15', 'PAGADO', 10.0, 14),
(6, '2026-04-25', 'PENDIENTE', 7.5, 18),
(7, '2026-05-15', 'PAGADO', 10.0, 21),
(8, '2026-06-25', 'PENDIENTE', 7.5, 25),
(9, '2026-04-13', 'ANULADO', 2.5, 3),
(10, '2026-05-16', 'PENDIENTE', 5.0, 21),
(11, '2026-06-26', 'PAGADO', 7.5, 25),
(12, '2026-06-16', 'PENDIENTE', 2.5, 14),
(13, '2026-03-20', 'PENDIENTE', 5.00, 27),
(14, '2026-03-28', 'PAGADO', 10.00, 29),
(15, '2026-04-06', 'PENDIENTE', 7.50, 33),
(16, '2026-04-14', 'PENDIENTE', 5.00, 35),
(17, '2026-04-20', 'PAGADO', 12.50, 37),
(18, '2026-04-30', 'PENDIENTE', 10.00, 41),
(19, '2026-05-04', 'PAGADO', 7.50, 43),
(20, '2026-05-16', 'PENDIENTE', 5.00, 47),
(21, '2026-05-20', 'PENDIENTE', 12.50, 49),
(22, '2026-05-29', 'PAGADO', 10.00, 53),
(23, '2026-06-02', 'PENDIENTE', 7.50, 55),
(24, '2026-06-10', 'PENDIENTE', 10.00, 59),
(25, '2026-06-13', 'PAGADO', 12.50, 61),
(26, '2026-06-16', 'PENDIENTE', 7.50, 65),
(27, '2026-06-19', 'PENDIENTE', 2.50, 69),
(28, '2026-05-21', 'PAGADO', 10.00, 93),
(29, '2026-05-27', 'PENDIENTE', 7.50, 95),
(30, '2026-05-31', 'PENDIENTE', 10.00, 97),
(31, '2026-06-06', 'PAGADO', 5.00, 99),
(32, '2026-06-12', 'PENDIENTE', 10.00, 101);

